k_h_per_mpc,sobol_baseline_p68_k,this_method_p68_k,improvement_fraction
0.01507912203669548,0.01537093161877077,0.015153518242121057,0.014144450189617042
0.02144790254533291,0.014200362093583286,0.015074817357723404,-0.061579786372859976
0.02783660776913166,0.013658597827630636,0.013237589765552338,0.030823666337595822
0.03435099869966507,0.013300630664127766,0.01219102082124759,0.08342535560158289
0.040478866547346115,0.013193062551986911,0.012037833056107373,0.08756340624683516
0.04676716774702072,0.012943104262390426,0.012753350221123406,0.014660628348517567
0.05308225005865097,0.012624922340784916,0.012488047264441129,0.010841656894918948
0.05945362523198128,0.012195449958397653,0.013637420768242281,-0.11823842619695246
0.06576225161552429,0.012797815209986487,0.012824007994813624,-0.0020466606524133816
0.07196632772684097,0.013493063777351776,0.012212653934625539,0.09489392949253056
0.07827860862016678,0.013677252521025673,0.01214879114675549,0.1117520768093241
0.08470398932695389,0.013610806563272383,0.011940764313924082,0.1226997269842016
0.0909685492515564,0.013314951293342592,0.011711951075740412,0.12039099372475148
0.09720789641141891,0.013265547028832404,0.011686636071581314,0.11902343369778559
0.10347630083560944,0.01347767612434474,0.011698282223242163,0.1320252753283228
0.10975764691829681,0.013851157238003188,0.011757835153237695,0.1511297611308664
0.11605431139469147,0.014040655968497398,0.012289632741841095,0.12471092736585962
0.12236696481704712,0.014686154865702995,0.012688074831849949,0.13605195179571616
0.1286817193031311,0.014959304350540936,0.012813753358184599,0.14342585337390726
0.13495008647441864,0.015213286941367254,0.013034330056656685,0.1432272258525311
0.14119495451450348,0.015237344099055396,0.013164298158420752,0.13605034625182202
0.14751335978507996,0.015358510912765345,0.013402565173740567,0.12735256367849296
0.15378651022911072,0.015800517847001382,0.013131932559777914,0.16889226752336547
0.16006575524806976,0.016138083674620243,0.013058447758278559,0.19083033515217865
0.16639912128448486,0.01595643994445959,0.013360516038810033,0.16268816319212334
0.1727195680141449,0.015902709939303452,0.013573433084563912,0.14647043577036803
0.17897652089595795,0.015892371438762008,0.013458248218306657,0.15316299583323648
0.18523536622524261,0.016036103430487402,0.013601811966429534,0.1518006836642036
0.19148068130016327,0.01634262679188352,0.013826921663269065,0.1539351758227671
0.19778898358345032,0.016785919052318476,0.013970205950420622,0.1677425640575186
0.20409376919269562,0.016936540301088644,0.014025617020080849,0.17187236762992775
0.21039393544197083,0.017014469857949036,0.01446237689123735,0.14999544434934986
0.21669097244739532,0.01728519867803837,0.014614485353347995,0.1545086854039831
0.22297002375125885,0.017108809476831157,0.014419784591831464,0.15717194633800707
0.22926200926303864,0.017073518704162495,0.014518055791799035,0.14967406289486437
0.23551414906978607,0.01731840389657742,0.014477912389231528,0.16401577906998974
0.24179105460643768,0.01744798115759194,0.014552999296462988,0.16592073518312417
0.2480856478214264,0.017571705979854003,0.014610848568988066,0.16850142008183874
0.2543492317199707,0.01770648483434796,0.014691647591511559,0.17026740604030358
0.2606334388256073,0.017953391970004253,0.014921058597746307,0.16890030459560162
0.26692572236061096,0.018105931233965446,0.015114374672546615,0.1652252249697537
0.273242324590683,0.018241375713106224,0.015175175215475002,0.16809041959637902
0.27955296635627747,0.018304124898572385,0.01527895987825847,0.16527231086310282
0.2858366370201111,0.018272070384128637,0.01540616191721318,0.15684640036220648
0.2920876145362854,0.018245243715890046,0.01546021743487538,0.1526439615925298
0.2983449697494507,0.018437634543058735,0.015575616296873563,0.15522697553752327
0.3046382665634155,0.01854032154838565,0.015526850667484294,0.16253606352171102
0.3109279274940491,0.018445352876311372,0.015657319374592273,0.1511509983254188
0.31721681356430054,0.018444614886700482,0.015710260897709685,0.148246737911693
0.3235187530517578,0.018589407356336317,0.015807827456457747,0.14963252171298785
0.3298168182373047,0.018649327179598486,0.01588075295514426,0.14845437574192594
0.3361176550388336,0.018685854641478095,0.01597497790295077,0.1450764115712337
0.34237003326416016,0.018770719948033542,0.016127177793210334,0.14083328514525897
0.3486478328704834,0.018782085814049346,0.016154107193766556,0.13991942355608947
0.35494115948677063,0.018904459289895238,0.01621556911408342,0.14223576218596623
0.36119168996810913,0.01899807405165035,0.01633204569187252,0.1403315068953652
0.3674767017364502,0.019018324185594796,0.016460092201898258,0.13451405911117242
0.3737647831439972,0.019069166612235813,0.01658196182578884,0.13043070192962958
0.3800654113292694,0.019116453515174284,0.016583388891921746,0.1325070375235573
0.386353999376297,0.019125289573702145,0.016532690896994894,0.13555866261351424
0.3926140069961548,0.019088682816269388,0.016632112664875146,0.12869249151651754
0.39892643690109253,0.019198030658082767,0.0166926051723838,0.1305042965250256
0.4052073359489441,0.019330545963262627,0.01672588284738925,0.1347433808038063
0.41149166226387024,0.01942674874884605,0.016789076921243318,0.13577525821243808
0.41778141260147095,0.01954084197504562,0.016880971497448004,0.1361185194063986
0.4240400791168213,0.019632234443429143,0.016864215330246624,0.14099358486975322
0.43034255504608154,0.01974350039071884,0.016832857964944294,0.147422816024194
0.4366358518600464,0.019883518012384773,0.016814176510979186,0.1543661186865321
0.442899614572525,0.020011991418847797,0.01684750192081217,0.15812966494954772
0.44916343688964844,0.02006105542981911,0.016902484466616463,0.15744789571278936
0.455441415309906,0.02003330449429024,0.016947092504866992,0.154054064835028
0.4617634415626526,0.020039481707874885,0.01692270353505354,0.1555318754375044
0.46806442737579346,0.020114174136316176,0.01693896200256584,0.15785943346376258
0.4743485152721405,0.02024874171683888,0.016975325119803198,0.16166024747668667
0.4806356132030487,0.02037873234827421,0.01704050869577354,0.16380919065279215
0.4869019389152527,0.020488770653373626,0.017082172440980183,0.16626659891048767
0.4931696951389313,0.02057449654055388,0.017066346637299203,0.17050963537989133
0.49945068359375,0.020634091640284073,0.017067168650783948,0.1728655204058703
0.5057159066200256,0.020690762222002414,0.017068502112810302,0.17506653792291063
0.5119923949241638,0.02072594454110859,0.01708970924774298,0.17544364678547555
0.5183126330375671,0.020769115441386713,0.017088043417716883,0.17723778530955347
0.5246089696884155,0.020828814185587644,0.01706684409889694,0.18061374273019215
0.5308757424354553,0.020872152297463756,0.01705979979189889,0.18265258183403144
0.5371573567390442,0.020918260451487706,0.017075583128399872,0.18369965953906758
0.5434579849243164,0.020960696863208474,0.017095239462436428,0.18441454623376283
0.5497430562973022,0.02100106005437623,0.017120428750513117,0.1847826392484632
0.5559937357902527,0.021062982155432765,0.01714264232568492,0.18612463329351842
0.5622854828834534,0.0211204833131871,0.01714969848551735,0.18800634288470527
0.568601131439209,0.021189626976737364,0.017139505396122634,0.19113699288152078
0.5748804807662964,0.0212394135326464,0.017122152084758157,0.1938500534188356
0.581155002117157,0.021269416123111062,0.017110461361903483,0.1955368561663766
0.5874394774436951,0.0213027552335761,0.017105951603039515,0.19700755064405184
0.593717634677887,0.021338596651557618,0.017104730103400502,0.198413542244263
0.5999972224235535,0.021377648188936327,0.017106244066988043,0.19980701732002887
0.6062679290771484,0.02142219333447497,0.017106971541711948,0.20143697358096796
0.612546980381012,0.02147408638336872,0.017111867961335816,0.20313872004405087
0.6188477873802185,0.021516542067631983,0.017109655189172648,0.2048138992133292
0.6251310706138611,0.021562447399706343,0.01710382902965608,0.2067770085371192
0.6314027309417725,0.021600292219326134,0.017094074348805166,0.20861837537962477
0.6377003788948059,0.021630700918301972,0.01708139949770344,0.21031687497233698
0.6439858078956604,0.021655254168906436,0.017066830970160974,0.21188498472272477
0.6502685546875,0.021682490043902724,0.017079461365761127,0.21229243822187308
0.656558632850647,0.021702356721842887,0.017096935860707974,0.2122083292686674
0.6628369092941284,0.02171521616532752,0.01707801818533459,0.21354601974430737
0.6691185235977173,0.02172960085379132,0.01706837349142687,0.21451049164353028
0.6754069924354553,0.021733278999917706,0.017058647812149295,0.21509092980337258
0.6816835403442383,0.021743713565875476,0.017042396121040682,0.21621501914065996
0.6879592537879944,0.021755318800138302,0.017022383752230842,0.2175530081350668
0.6942344307899475,0.021761612065125037,0.017016419074339373,0.21805337658740215
0.7005175352096558,0.021754893318912404,0.017002700829721197,0.21844246347372043
0.7068125009536743,0.021762267149183147,0.01698513872849663,0.21951428074743704
0.7131019234657288,0.021768315596215927,0.01698116938201948,0.21991348816298018
0.7193918228149414,0.021768381601274457,0.01704137791336462,0.21714998269017338
0.7256833910942078,0.021764769335282753,0.01707815590950115,0.21533025935561648
0.7319652438163757,0.021778286764882894,0.017108839091893382,0.21440840243314796
0.7382507920265198,0.021763650985434646,0.017111102528357125,0.21377610127047367
0.7445265650749207,0.02177387281695391,0.017091400512905808,0.21505004384898233
0.7507871389389038,0.02176978738379427,0.017087326930923342,0.21508985688838725
0.757075846195221,0.021783437835859988,0.017072611096704174,0.2162572673171372
0.7633641362190247,0.021770849973606454,0.017062576610157844,0.21626502268660208
0.7696462869644165,0.021774883836721725,0.017053957324456206,0.21680604809032444
0.7759394645690918,0.02177649971520026,0.01703587352164815,0.217694590753862
0.782232940196991,0.021781912206161325,0.017031412795036418,0.21809377276716596
0.788531482219696,0.02178117888113831,0.01701153897566972,0.21897987852250378
0.7947896718978882,0.02178129381957348,0.01700652489065646,0.21921420134492808
0.8010491132736206,0.021775047036034233,0.016986089338281076,0.21992869589802472
0.8073363900184631,0.021779095861668596,0.01698069146150947,0.22032156112616053
0.8136229515075684,0.02178057622009564,0.01696399980243868,0.22114090871539904
0.8199152946472168,0.021781882656058692,0.01695094092366565,0.2217871525925838
0.826195240020752,0.021781329761391088,0.016930964855260022,0.22268451739474016
0.8324897289276123,0.021780249529630157,0.01692362784335373,0.22298283036975358
0.8387959599494934,0.021784542557376562,0.016912933709244782,0.22362685997655626
0.8450634479522705,0.021794120307410993,0.016896477515132124,0.22472312363135147
0.8513283133506775,0.02180641901195397,0.016880303535532805,0.22590208294726144
0.8576198220252991,0.021818294629776247,0.016859234068606635,0.22728910051484022
0.8639058470726013,0.02182508506461702,0.016846495904242566,0.22811316178766142
0.8701838850975037,0.021827906940681752,0.016826672874311745,0.2291211007982153
0.8764641284942627,0.021826980664579977,0.016811621622445427,0.22977795780399854
0.882750391960144,0.021823484412291805,0.01678666502230164,0.23079812988769294
0.8890332579612732,0.02182016229179933,0.016772330127698767,0.23133797524492694
0.8953084349632263,0.021814359807480255,0.016750225981084377,0.23214680013939076
0.9015956521034241,0.021809844705203217,0.016733291359939752,0.23276430501370518
0.90788334608078,0.02180374496283415,0.016713262851022904,0.23346824687631829
0.9141744375228882,0.021799351896109664,0.016690161420399297,0.2343735033986106
0.9204630851745605,0.02179431734242061,0.016668964180941593,0.2351692453107028
0.9267434477806091,0.021785961358867477,0.016651541999176,0.2356755928790642
0.9330323934555054,0.021779199986849296,0.01662819921000407,0.23651010046078372
0.9393265843391418,0.02177062103766625,0.01660950133764696,0.2370680970051255
0.9455974698066711,0.02176143866317446,0.01658935924904066,0.23767175939917018
0.9518660306930542,0.021757923088160026,0.016566851776983894,0.2385830343338675
0.9581413269042969,0.021743631917019713,0.016542791947132686,0.23918911016039124
0.9644351005554199,0.021737012848999537,0.016525229981649805,0.23976536718979802
0.9707355499267578,0.02172813617488454,0.016506073555252333,0.24033642727572585
0.9770081043243408,0.02171839176902579,0.01648191495792406,0.2411079451366127
0.9832823276519775,0.021705782232879577,0.016460598862185406,0.24164912899332644
0.9895569682121277,0.02169564431075015,0.016439954413603533,0.24224631552161066
0.9958456158638,0.021685126979213366,0.016418775595428148,0.24285545520823398
1.00213623046875,0.021671618692612516,0.01639776493563663,0.24335301537829535
1.0084048509597778,0.021658342387907138,0.016376082075927112,0.24389033183487568
1.014694094657898,0.021651004271000883,0.01634679526410774,0.24498674243935845
1.0209925174713135,0.02164472259715531,0.016320357295381373,0.24598907552983376
1.0272740125656128,0.021633100590863385,0.016297183842060293,0.24665519981248946
1.0335592031478882,0.021622151713851866,0.016266617490989323,0.2476873853138127
1.0398476123809814,0.021608257947073196,0.016238746544230565,0.24849348873910138
1.0461269617080688,0.021605835932275764,0.01621392186530113,0.24955822509602385
1.052403450012207,0.021593371932067163,0.016187170761479398,0.25036391664978014
1.0586806535720825,0.021584797088959107,0.016165323025797918,0.2510782955626355
1.0649642944335938,0.021573483146435944,0.016141207364011968,0.2518033710899122
1.0712567567825317,0.02156357628795198,0.016117703227408797,0.25254962292993605
1.077544093132019,0.02154991633633152,0.016091660809516985,0.2532843024365868
1.083824872970581,0.02154274894840258,0.01606950439055668,0.25406435227718455
1.090108036994934,0.02152676211171505,0.016046645358439315,0.25457227263608806
1.096389651298523,0.02151848130601435,0.016023098678823944,0.2553796687154898
1.1026811599731445,0.021509474595549662,0.015998539381616973,0.25620966190745115
1.1089630126953125,0.021496138623220862,0.015978489180575962,0.2566809574201641
1.1152254343032837,0.02148930578877306,0.015947255980653142,0.25789803833566943
1.121502161026001,0.021471661705470834,0.01591664467084013,0.25871388581049237
1.1277925968170166,0.021465446101878262,0.01590447632501233,0.2590661172599314
1.1340895891189575,0.021441599811500824,0.015882819842041363,0.25925210890643746
1.1403640508651733,0.021419604024947338,0.015871608315421958,0.2590148586810311
1.1466392278671265,0.021391671791945743,0.015844668671376995,0.25930666731046564
1.152942419052124,0.021372596642326557,0.015829112279066537,0.25937346107405757
1.1592289209365845,0.02134579785209567,0.015804914845056705,0.259577226648147
1.16550874710083,0.02132018302200218,0.015786187183531596,0.2595660568560582
1.1717931032180786,0.02129798781568195,0.015766292381385983,0.25972854723031236
1.1780874729156494,0.02128789102563582,0.015745210635410855,0.2603677547743092
1.1843676567077637,0.021270366084451143,0.01572856061990664,0.2605411417246655
1.1906346082687378,0.02125448496360276,0.015706543223169844,0.26102452023342315
1.196912169456482,0.02123760861223074,0.015686875725054384,0.2613633666824281
1.2032015323638916,0.021226648448219844,0.015670681889881855,0.26174488035128013
1.2094868421554565,0.021208335757310605,0.015635214990565062,0.26277973106986785
1.2157639265060425,0.021189574603395656,0.015604413755273128,0.2635806028511539
1.2220497131347656,0.021171485395615218,0.015572020419373177,0.2644814415053624
1.2283406257629395,0.021154738047858813,0.01553748297537121,0.26553177164281444
1.234632968902588,0.021139552701934284,0.015508312008613757,0.26638409869501467
1.240902304649353,0.0211230529090638,0.015472252255633779,0.26751817920246224
1.247174859046936,0.021105569696103155,0.015473440858509813,0.26685509648352373
1.2534654140472412,0.021090962776842703,0.015464209476426216,0.2667850377411176
1.2597500085830688,0.02107488545913534,0.015460192156436259,0.2664163140334068
1.266032099723816,0.02105798272736048,0.015453745917220197,0.2661336027623738
1.272316336631775,0.021041238758121715,0.015444358050796093,0.2659957796051946
1.2786041498184204,0.02103068223974085,0.015432550252338207,0.2661887961401497
1.2848865985870361,0.021011915966267305,0.015423299612893104,0.2659736676248948
1.291175365447998,0.020995140803522227,0.015413446281685617,0.26585649384643345
1.2974656820297241,0.020983227468136346,0.015402459271912484,0.2659632892365307
1.3037418127059937,0.02096549809616599,0.015393032880269365,0.2657921691312297
1.3100173473358154,0.020951994907774687,0.015381076779109515,0.26588962784627074
1.3163014650344849,0.020934434691801142,0.015372096638720767,0.26570280664224644
1.3225867748260498,0.020921436760315614,0.015359427294589634,0.26585217494604196
1.3288655281066895,0.020907288678429305,0.015347790751806945,0.26591195119232586
1.3351447582244873,0.020892467160160334,0.015335351714682035,0.2659865588337559
1.3414405584335327,0.02087441863467183,0.015320934088661798,0.2660425970755348
1.3477308750152588,0.02086388074238772,0.015304302015384198,0.266469061803469
1.3540016412734985,0.02084905682675946,0.01529115637715588,0.2665780277633517
1.3602826595306396,0.020831504131783342,0.01527777363535634,0.26660247197193426
1.3665657043457031,0.020819666747984744,0.015263131838774502,0.26688875362272985
1.3728514909744263,0.020805106302594335,0.015249891925846538,0.26701206405540345
1.3791353702545166,0.02079507529913891,0.015229082679538286,0.2676591711995918
1.3854095935821533,0.020774823068018568,0.01519947168674214,0.26837058313431816
1.3916985988616943,0.020766165368151235,0.015179005062128504,0.2690511323092744
1.397984504699707,0.020751912601873323,0.015158920344773508,0.26951695317929025
1.4042679071426392,0.020737226541577104,0.01513665433367224,0.27007334836584806
1.4105547666549683,0.020724600990253084,0.015116743134639976,0.2705894245322513
1.4168378114700317,0.02071167965053462,0.015095548253860858,0.27115769901012327
1.423118233680725,0.020699540376024173,0.015072237494972773,0.27185641704244706
1.4293978214263916,0.020684361736016267,0.015050484034104139,0.272373775599865
1.4356869459152222,0.020674045776008353,0.015025039750081471,0.27324143939365725
1.4419771432876587,0.02066228306691369,0.014998958043051047,0.2740899931301043
1.4482536315917969,0.020647002200286656,0.01498422739490377,0.27426619857212325
1.4545323848724365,0.020632170844528952,0.014955597019585598,0.2751321646044151
1.4608193635940552,0.020621494623885406,0.014931657777498053,0.2759177717311016
1.4671103954315186,0.02060651309905084,0.01490881776059805,0.2764997314715624
1.4733929634094238,0.020595844628096716,0.014885546734093502,0.27725485393365523
1.4796699285507202,0.020584612633495647,0.01487014116984744,0.2776088899700506
1.4859561920166016,0.020570725521836142,0.014843354978168712,0.27842336127560197
1.4922336339950562,0.020561334916139852,0.014827661579251973,0.2788570567170309
1.498502492904663,0.020549369060419088,0.014802746923318734,0.2796495658919834
1.5047857761383057,0.020536940209206468,0.014778094075455208,0.2804140283356153
1.5110759735107422,0.020525120870593393,0.014767578344385558,0.2805119912573446
1.5173616409301758,0.020511172982645265,0.014745626129155556,0.2810929856799513
1.5236486196517944,0.020505036700649848,0.014723540988231589,0.28195490682711294
1.529937982559204,0.020491326681575783,0.014709037715113829,0.28218226454126766
1.536230206489563,0.02047797331664549,0.014681661043318963,0.28305107071386815
1.542510747909546,0.02047260993498452,0.014651431414651885,0.28433983448222405
1.5487840175628662,0.020459991826425394,0.014625118811186024,0.28518452327548127
1.5550730228424072,0.020450830682882958,0.014597906760256987,0.2861949234915324
1.5613573789596558,0.02044114354448001,0.01457067394310805,0.28718890352674237
1.567629098892212,0.02042928536418933,0.014546982753286433,0.28793482033463763
1.5739136934280396,0.020423297550713215,0.014514826805466499,0.28930052703660397
1.5802035331726074,0.020409930687623624,0.014490638906282573,0.29002018046687683
1.5864853858947754,0.020397784812758602,0.014460540017188042,0.29107301847095063
1.5927599668502808,0.020391109046662546,0.01443630326432972,0.2920295197630489
1.5990464687347412,0.02037876564378238,0.014413464084511276,0.29272143679080664
1.605342149734497,0.020365464490614205,0.014380568717342791,0.29387474938416763
1.6116198301315308,0.020351214097182234,0.01435951890299312,0.2944146312636309
1.617897629737854,0.02033894529774769,0.014334203786407686,0.29523367231854264
1.624183177947998,0.020325954964538394,0.014305393942140877,0.29620064754159237
1.6304645538330078,0.02031280515336693,0.014279091994523131,0.29703987771692314
1.636749029159546,0.02029895808398363,0.014251805957699572,0.29790455752777817
1.6430308818817139,0.02028332715598642,0.014226168057944034,0.29862749101567765
1.6493091583251953,0.02027064374763974,0.01420425490780839,0.2992696687562132
1.6555936336517334,0.020254535842232423,0.014175642310156979,0.3001250475165388
1.661879539489746,0.020245671506226536,0.014147987388802852,0.3011845823710193
1.668169379234314,0.02022982356033869,0.014123480993223669,0.30184853312743315
1.674450159072876,0.020220840125343465,0.01409613010791122,0.3028909768074343
1.680722713470459,0.020200768333733587,0.014072568917153605,0.3033646698648785
1.687013864517212,0.020191418990184885,0.014039201117820666,0.304694676256029
1.69330894947052,0.020177549447858347,0.014009652057863064,0.30568119314657144
1.6995820999145508,0.020161986079168883,0.013981886676394596,0.3065223524362756
1.7058637142181396,0.020149979957399023,0.013978756307861518,0.3062645056017263
1.7121543884277344,0.020138006196235382,0.013980386118973231,0.3057710886201466
1.7184383869171143,0.02012236822257576,0.01397179929969965,0.30565830298123864
1.7247213125228882,0.02010867488705539,0.013972288976543257,0.3051611279698159
1.7309974431991577,0.020096982909734162,0.013971998348209414,0.30477134747216483
1.7372870445251465,0.02008303733745509,0.013968400733499165,0.30446772075417394
1.743567943572998,0.020074044002290514,0.013965901912581425,0.3042805968250409
1.7498407363891602,0.020056775504171353,0.013960711499572875,0.30394038180916144
1.7561285495758057,0.02004471280486424,0.013955193939022203,0.30379676302293024
1.762413501739502,0.020030344948425306,0.013950970128306662,0.30350824390553377
1.7686961889266968,0.020016548270879665,0.013952953355807419,0.3029290981149653
1.7749793529510498,0.02000406306458029,0.013957579113707786,0.3022627918814436
1.7812654972076416,0.019990080921671118,0.013972122675299615,0.3010472178653101
1.787549376487732,0.01997897752431066,0.013984007186939885,0.3000639211929651
1.7938340902328491,0.01996498509200504,0.013988614239238518,0.29934261534509005
1.8001151084899902,0.019954402329415855,0.013997151775922978,0.29854317133372493
1.8063938617706299,0.019941613897750288,0.014004294147569719,0.297735167305109
1.8126740455627441,0.019931006476479274,0.01401883556821284,0.29663182916745473
1.818956971168518,0.019914136981813657,0.014033588420817145,0.29529517479802675
1.8252441883087158,0.019903698822403705,0.01404103723248964,0.2945513616451543
1.8315272331237793,0.019890912619344926,0.014046473993478826,0.2938245588682586
1.8378113508224487,0.019880024325430345,0.014055821441487249,0.292967593429593
1.8441007137298584,0.019867126325733488,0.014072296291864106,0.2916793268870222
1.8503848314285278,0.019852187160057946,0.014076720720203228,0.2909234329341201
1.856666088104248,0.019838460252022495,0.01408522738753364,0.29000400189335884
1.862947702407837,0.019820227115846946,0.014101001325631813,0.28855500781029986
1.8692293167114258,0.019803857075666544,0.01411035602341879,0.2874945537373873
1.8755176067352295,0.01978776543156682,0.01411645203179417,0.28660706634036487
1.8818007707595825,0.01977011858073958,0.01412645685835794,0.28546423226210704
1.8880788087844849,0.019755853566375835,0.014138191553607382,0.28435430511236576
1.894353985786438,0.01973908604469894,0.014149729720560101,0.2831618602544111
1.9006427526474,0.01972094429881066,0.014156892289445966,0.28213922848006084
1.9069335460662842,0.019706380839180127,0.014163659890833392,0.2812652913581537
1.9132075309753418,0.019687685721127668,0.014158068119857915,0.28086681591710355
1.919490933418274,0.019684338459896613,0.014149091798007985,0.2812005429171888
1.9257768392562866,0.019681178127153955,0.014140314238494378,0.2815311081918868
1.932064414024353,0.01967687247533696,0.014130043266897664,0.28189587625735263
1.938342571258545,0.019678117320809797,0.014160393951796423,0.2803989466603255
1.9446183443069458,0.019670710832086158,0.014170767054511747,0.27960066235141334
1.9509062767028809,0.019663152307955966,0.01418735874544348,0.27847994445412033
1.9571945667266846,0.019654335366198872,0.014199310838954139,0.27754815543781625
1.9634796380996704,0.01964743510345759,0.01421237856862574,0.2766293160513038
1.9697604179382324,0.019640799490991602,0.014236460771289084,0.2751587949452495
1.9760483503341675,0.01963043269725029,0.014242958018633334,0.274445029394161
1.9823379516601562,0.019623637629719328,0.014267247175196097,0.2729560418712156
1.9886175394058228,0.019607373853462118,0.014279539012954824,0.2717260802147936
1.9948962926864624,0.019582639807222392,0.014292250473620639,0.27015710780987623
2.0011796951293945,0.01955779240591258,0.01430350056091312,0.2686546485385036
2.0074596405029297,0.019528159478715956,0.014324012188566384,0.2664945099317554
2.013737440109253,0.01950252778360806,0.01433745981539878,0.2648409491076606
2.020017147064209,0.019480748069161603,0.014352298807857268,0.2632573062952735
2.0263102054595947,0.01945846501310262,0.014366533556673769,0.26168207271231986
2.0326006412506104,0.01943827016036479,0.014382697045748129,0.26008348854648217
2.0388739109039307,0.0194155055611251,0.014375463818498947,0.2595884885283456
2.045154094696045,0.019394176061338753,0.014366388359225126,0.2592421398162024
2.0514447689056396,0.019362102979841023,0.014354289534705012,0.258639955089069
2.0577304363250732,0.019346898390246104,0.014346210367455937,0.25847492047155757
2.064013957977295,0.01933329528838392,0.014333209347582731,0.2586256438034858
2.0702998638153076,0.019317916965373837,0.014326301042518108,0.2583930727004826
2.076589822769165,0.019303192571989803,0.014314760830350059,0.25842521764396037
2.0828654766082764,0.019289450101011952,0.014316773207449885,0.2577925688665014
2.089134454727173,0.01927634954145643,0.014324704652809573,0.2568766912011876
2.095424175262451,0.019260002053585402,0.01433943030673448,0.25548137186906056
2.1017072200775146,0.01924612061397988,0.014348093012124096,0.25449427965747984
2.1079864501953125,0.01923137623361835,0.01436121951455096,0.25324015608169903
2.114271879196167,0.01921765361443124,0.014369035440233779,0.25230021684626763
2.1205527782440186,0.01920055306473958,0.01438186617731343,0.25096604619558166
2.1268370151519775,0.019189138202509292,0.014389223857654355,0.2501370459788168
2.133121967315674,0.019173011422944565,0.014404443062925987,0.24871253945595512
2.139411687850952,0.019159399094484674,0.014413683146607782,0.2476964921745912
2.1456971168518066,0.01914381400840024,0.014400281029160023,0.24778411329940692
2.1519734859466553,0.019129262569652552,0.014370530228306566,0.24876716099320184
2.158259868621826,0.01911617006160591,0.014350218919594537,0.2493151675598242
2.1645452976226807,0.019102458981213478,0.014321862124353091,0.2502608099596977
2.170830726623535,0.019094646164488884,0.014300086182308627,0.25109446600256474
2.177114248275757,0.019089098247545924,0.01426981948703039,0.2524623582538843
2.1833877563476562,0.019085939526876896,0.014247515733924467,0.2535072368923176
2.1896703243255615,0.019080941669306118,0.014238300182552923,0.2537946800887264
2.19596004486084,0.019076822508347392,0.014247365082024201,0.253158377093983
2.202242612838745,0.01907341667984244,0.014232132517761011,0.2538236459332372
2.208521604537964,0.019068776775839336,0.014217239615595425,0.25442309264383134
2.2148046493530273,0.01906512848489248,0.014199830943881686,0.2551935354050268
2.221092700958252,0.01906175490125972,0.014182902145175858,0.25594982106088443
2.227372884750366,0.01905735775145927,0.014177610216949478,0.2560558288378743
2.233657121658325,0.019055356863562033,0.014148024276961647,0.25753034287089466
2.239943504333496,0.019050521214370564,0.014126288467821225,0.258482835778519
2.2462241649627686,0.01904688616862247,0.014099071483517012,0.25977026592705776
2.2525064945220947,0.01904100685782808,0.0140751591405071,0.26079753840745223
2.2587833404541016,0.019026562148743077,0.014071355288636813,0.2604362691151545
2.265069007873535,0.01901487845641079,0.014076655846435982,0.25970308573336714
2.271350383758545,0.01899397040485331,0.014088176574785784,0.2582816401995659
2.2776339054107666,0.01897550249243676,0.014097343829487265,0.25707665264167984
2.2839224338531494,0.018956152452058596,0.014106873431438195,0.2558155740140073
2.2902028560638428,0.018940155410458303,0.014111027486975482,0.2549677032119964
2.2964906692504883,0.018922838706366397,0.014121017327009612,0.2537579828200544
2.302771806716919,0.018893018116542804,0.014109372091327012,0.25319649807709715
2.309051275253296,0.01886290688775365,0.0140954081127187,0.252744648712132
2.315338611602783,0.01883530295629281,0.014082839303009421,0.2523168150951141
2.321627378463745,0.018820879439347758,0.014067682039867125,0.25254916566456453
2.327911853790283,0.018812722427102968,0.01405572383525655,0.2528607228581197
2.334186315536499,0.018799466443574775,0.014071479350723615,0.2514958127690415
2.340467929840088,0.018782733681177534,0.0140902387462982,0.2498302438042741
2.346756935119629,0.018766652108109395,0.014105805986379005,0.24835789009571704
2.3530445098876953,0.018752394909259153,0.014118518571447681,0.2471085085523373
2.359327554702759,0.018737957004431573,0.014138977997041113,0.24543652257835738
2.365602970123291,0.018727702263212676,0.014152739187784747,0.24428854170832537
2.3718860149383545,0.018711329201184502,0.014166420159683302,0.2428961081617595
2.378173351287842,0.018693951020453216,0.014184067756579122,0.24124826575932454
2.3844540119171143,0.018676235055804583,0.01420020789957066,0.23966431900538598
2.3907363414764404,0.018660344378283768,0.014212489432098518,0.2383586742033283
2.3970141410827637,0.01864551226333504,0.014229288079949899,0.23685185587897767
2.4032955169677734,0.018625739548586775,0.014245333554442486,0.23518024520409728
2.4095849990844727,0.018605323545165,0.014257914436352737,0.23366479482384667
2.4158716201782227,0.01859152952842509,0.014260407726271929,0.23296210220526467
2.4221606254577637,0.01857409912557957,0.014263017855073425,0.23210176931645007
2.4284400939941406,0.018554629447735494,0.014265387360171156,0.23116829682027523
2.4347174167633057,0.01854250200167993,0.014263173874553559,0.2307848275674269
2.441002368927002,0.018527517248884885,0.014264451182352289,0.23009375780174635
2.4472899436950684,0.018509589595280797,0.014298163934037378,0.22752669039821194
2.4535717964172363,0.018495394750501506,0.014343638686892791,0.2244751258145566
2.459852695465088,0.018478306266031287,0.014392248246216124,0.2211273025237477
2.466139316558838,0.018462821170150835,0.014397161707021367,0.22020792086219687
2.472421884536743,0.01844677558797048,0.014413752873856912,0.2186302259102444
2.478698492050171,0.018430716664546324,0.014426252789318241,0.21727119721454702
2.484980821609497,0.018414720222626493,0.014426924925560681,0.21655475884808378
2.49126935005188,0.018399957626527023,0.014415333423718747,0.21655616190461688
2.4975485801696777,0.018384978166184632,0.014405551974766695,0.2164498731218114
2.503831624984741,0.018368116989730246,0.014393815327207805,0.21636957477701732
2.510118007659912,0.018355625789190456,0.014385636203166508,0.21628189807409653
2.5164008140563965,0.018340331976043657,0.014366360252706257,0.2166793779157458
2.522688150405884,0.018323334169013706,0.014349406085644256,0.21687800084384729
2.5289716720581055,0.018308128333519403,0.014325976463456326,0.2175073168332757
2.535252094268799,0.0182930718183298,0.014306131794502132,0.217948087856558
2.5415375232696533,0.018275544367049614,0.014283920760638448,0.21841339038895996
2.547822952270508,0.01826361747731387,0.014267636871439173,0.21879458496315413
2.554100751876831,0.018246553968608217,0.014246126203870627,0.21924291960114858
2.5603768825531006,0.018234794981056627,0.014237653326606405,0.219204090783729
2.5666675567626953,0.01821632849511641,0.014237103673076958,0.21844274619368206
2.5729551315307617,0.01820149957930326,0.014238436992491235,0.2177327516090149
2.5792338848114014,0.018185810785611524,0.01423564306890788,0.21721152624270051
2.5855202674865723,0.01820495605458257,0.014213624045052267,0.21924425401321418
2.5918052196502686,0.018229706626723408,0.014183940781892336,0.221932581125594
2.598083972930908,0.01825874420157361,0.014153376666386698,0.2248439153243132
2.604360342025757,0.018282109441704875,0.014124192938583092,0.2274308944698037
2.610647201538086,0.018295444886403,0.014098226153668337,0.22941331893240796
2.616931915283203,0.018306735469033653,0.01406818008717885,0.23152983168541633
2.62320613861084,0.01831563703962864,0.014039939207009012,0.23344521532985785
2.6294915676116943,0.01832194217484595,0.014014286852631487,0.23510909930326107
2.6357784271240234,0.018336292809898815,0.013981253571411846,0.23750925465893025
2.6420609951019287,0.018340913635037873,0.01395873273611561,0.23892925871210097
2.648343801498413,0.018354458709132396,0.013984823186788821,0.23806942997286162
2.6546318531036377,0.018365163032804336,0.013998694859222406,0.23775820371332562
2.660918951034546,0.018353991208139988,0.014023289844788957,0.23595420278017604
2.667198419570923,0.01834108595837938,0.014058563908366663,0.23349337436893627
2.6734843254089355,0.018328299580314726,0.014044086949738823,0.2337485052447149
2.6797733306884766,0.018318208407115715,0.013991693237128323,0.23618658953059815
2.686058282852173,0.01830728880075423,0.013925727211341844,0.23933426937755384
2.692338705062866,0.018294203663522527,0.013893550067142725,0.2405490655575473
2.698617935180664,0.018285087106930133,0.013898698718576408,0.2398888428970767
2.704895496368408,0.01827498128348788,0.013905072050158208,0.23911976518838063
2.7111756801605225,0.01826380108184465,0.013909321145676735,0.23842134047860042
2.7174599170684814,0.018251076887040665,0.013918967364667668,0.23736185810761928
2.723745822906494,0.018238430241324457,0.013920810164364729,0.23673200049732934
2.7300384044647217,0.01823386914039329,0.01392675769098244,0.23621489307880106
2.7363178730010986,0.01828066276912093,0.01393686150792828,0.23761727438734065
2.7425918579101562,0.018315004676181593,0.01393864494816415,0.2389494190907217
2.7488796710968018,0.018360528662784238,0.013949134358206751,0.24026510268841747
2.7551634311676025,0.0183964829993756,0.013970935451806102,0.24056487034612573
2.761446952819824,0.018440084539955715,0.014000362275519908,0.240764745672173
2.7677321434020996,0.01847997239129171,0.014008120337544174,0.24198369776000322
2.774015426635742,0.018519439168482334,0.014008374794760272,0.24358536631062266
2.7802987098693848,0.018561809524912865,0.014012790226071471,0.2450741288308069
2.7865774631500244,0.01860075804924479,0.014017650051837862,0.24639361392010622
2.7928578853607178,0.018628722517721897,0.01402169548798482,0.24730772737391493
2.7991437911987305,0.01865092118765015,0.01401998959694888,0.24829505975113322
2.8054301738739014,0.018666897362215207,0.01402472212954251,0.24868488547374798
2.8117151260375977,0.018663767659373855,0.01402062683456604,0.24877832330257296
2.8179893493652344,0.0186587747414543,0.01400978889485065,0.24915815272023048
2.8242690563201904,0.018653683742294883,0.014003387219652597,0.24929641709848027
2.8305630683898926,0.01864842668264213,0.013994959902387617,0.2495366960144653
2.836848735809326,0.018645960757314086,0.01398744785231474,0.24984032550706686
2.843130111694336,0.018641334926045295,0.013980269287870042,0.25003926256713016
2.8494138717651367,0.018635087843197208,0.013970844229598869,0.2502936209823682
2.8556973934173584,0.01863130143249976,0.013963024992623587,0.2505609421214668
2.861978769302368,0.01862566533533221,0.013956434765340234,0.25068798810287946
2.868262529373169,0.018621195416018567,0.013946259688815136,0.2510545441772174
2.874547243118286,0.01861699303869291,0.013941571739672191,0.25113729640997795
2.880831003189087,0.01861208685840532,0.013929134220223176,0.25160814441757756
2.887113332748413,0.018608447338423883,0.013923889755811318,0.2517436031828189
2.8933944702148438,0.018604598072605307,0.0139165474375681,0.25198344069255746
2.8996737003326416,0.018598942722288413,0.013913129528816763,0.25193976149280317
2.905953884124756,0.018594671180877587,0.013917797002986348,0.251516906773853
2.912241220474243,0.0185917407948466,0.013927552909825907,0.25087418851673904
2.9185259342193604,0.018587216848541567,0.013935498070267754,0.25026440570304137
2.924808979034424,0.01858236228755399,0.013934441368198708,0.25012540641661823
2.931095838546753,0.018577792558659146,0.013944403618665363,0.24940470862530711
2.937378168106079,0.018574919370308574,0.013948752663354253,0.2490544704247332
2.943660020828247,0.018571013325508257,0.013959704558668757,0.24830679328120595
2.949946403503418,0.018566803369715102,0.013977138658799421,0.247197356460511
2.9562275409698486,0.018562880866064835,0.013986838310933131,0.24651575303148426
2.962510585784912,0.018557401881772306,0.013994849402156145,0.24586159790491202
2.968796491622925,0.01855603055464581,0.014000444770347504,0.2455043265251436
2.9750776290893555,0.018551016525521137,0.014007618155484153,0.24491371477064386
2.9813599586486816,0.01854549050571792,0.0140120764885658,0.24444832104895708
2.9876468181610107,0.018540733751463256,0.014020086629673406,0.24382244966076788
2.993929147720337,0.01853752363511214,0.014027283499981863,0.24330327091733972
